ship_name,cruise_line,imo_number,ship_count,cruise_type,service_start,service_end
FOUR SEASONS I,Four Seasons,9988255,1,Luxury Cruise,20/03/2026,
DISNEY DESTINY,Disney Cruise Line,9834741,1,Ocean Cruise,20/11/2025,
ICON OF THE SEAS,Royal Caribbean,9829930,1,Ocean Cruise,27/01/2024,
CELEBRITY XCEL,Celebrity Cruises,9884136,1,Ocean Cruise,18/11/2025,
DISNEY TREASURE,Disney Cruise Line,9834753,1,Ocean Cruise,21/12/2024,
MEIN SCHIFF RELAX,TUI Cruises,9862657,1,Ocean Cruise,07/02/2025,
STAR OF THE SEAS,Royal Caribbean,9829942,1,Ocean Cruise,31/08/2025,
SILVER NOVA,Silversea Cruises,9886213,1,Luxury Cruise,14/08/2023,
STAR PRINCESS,Princess Cruises,9863120,2,Ocean Cruise,04/10/2025,
ENCHANTED PRINCESS,Princess Cruises,9807126,1,Ocean Cruise,10/11/2021,
MEIN SCHIFF 7,TUI Cruises,9851189,1,Ocean Cruise,12/06/2024,
QUEEN ANNE,Cunard,9839399,1,Ocean Cruise,03/05/2024,
IONA,P&O UK (P&O Cruises),9826548,2,Ocean Cruise,16/05/2021,
MS ROTTERDAM,Holland America,9837470,1,Ocean Cruise,20/10/2021,
SUN PRINCESS,Princess Cruises,9863118,1,Ocean Cruise,28/02/2024,
DISNEY WISH,Disney Cruise Line,9834739,1,Ocean Cruise,14/07/2022,
CELEBRITY EDGE,Celebrity Cruises,9812705,1,Ocean Cruise,09/12/2018,
DISCOVERY PRINCESS,Princess Cruises,9837468,1,Ocean Cruise,27/03/2022,
BRILLIANT LADY,Virgin Voyages,9870654,1,Ocean Cruise,21/08/2025,
MSC WORLD AMERICA,MSC Cruises,9837432,1,Ocean Cruise,12/04/2025,
ARVIA,P&O UK (P&O Cruises),9849693,2,Ocean Cruise,23/12/2022,
MSC WORLD EUROPA,MSC Cruises,9837420,1,Ocean Cruise,20/12/2022,
CARNIVAL JUBILEE,Carnival Cruise Line,9851737,1,Ocean Cruise,23/12/2023,
NORWEGIAN BLISS,Norwegian Cruise Line,9751509,1,Ocean Cruise,02/06/2018,
SKY PRINCESS,Princess Cruises,9802396,1,Ocean Cruise,20/10/2019,
VIKING NEPTUNE,Viking Ocean (Viking Cruises),9845910,1,Ocean Cruise,22/12/2022,
NORWEGIAN AQUA,Norwegian Cruise Line,9824007,1,Ocean Cruise,24/03/2025,
CELEBRITY ASCENT,Celebrity Cruises,9838400,1,Ocean Cruise,03/12/2023,
CARNIVAL MARDI GRAS,Carnival Cruise Line,9837444,1,Ocean Cruise,31/07/2021,
VALIANT LADY,Virgin Voyages,9805336,1,Ocean Cruise,18/03/2022,
NORWEGIAN ESCAPE,Norwegian Cruise Line,9677076,1,Ocean Cruise,09/11/2015,
HARMONY OF THE SEAS,Royal Caribbean,9682875,1,Ocean Cruise,29/05/2016,
CELEBRITY BEYOND,Celebrity Cruises,9838395,1,Ocean Cruise,27/04/2022,
RESILIENT LADY,Virgin Voyages,9805348,1,Ocean Cruise,14/05/2023,
MS NIEUW STATENDAM,Holland America,9767106,1,Ocean Cruise,05/12/2018,
MS KONINGSDAM,Holland America,9692557,1,Ocean Cruise,08/04/2016,
WONDER OF THE SEAS,Royal Caribbean,9838345,1,Ocean Cruise,04/03/2022,
CARNIVAL BREEZE,Carnival Cruise Line,9555723,1,Ocean Cruise,,
EXPLORA II,MSC Explora Journeys,9869887,1,Luxury Cruise,16/09/2024,
MSC EURIBIA,MSC Cruises,9901544,1,Ocean Cruise,03/06/2023,
COSTA TOSCANA,Costa Cruises,9781891,1,Ocean Cruise,05/03/2022,
NORWEGIAN ENCORE,Norwegian Cruise Line,9751511,1,Ocean Cruise,02/11/2019,
ODYSSEY OF THE SEAS,Royal Caribbean,9795737,1,Ocean Cruise,31/07/2021,
CARNIVAL LIBERTY,Carnival Cruise Line,9278181,1,Ocean Cruise,,
NORWEGIAN STAR,Norwegian Cruise Line,9195157,1,Ocean Cruise,,
QUEEN MARY 2,Cunard,9241061,1,Ocean Cruise,,
UTOPIA OF THE SEAS,Royal Caribbean,9880001,1,Ocean Cruise,15/07/2024,
SPIRIT OF ADVENTURE,Saga Ocean Cruises (Saga Cruises),9818084,1,Ocean Cruise,26/07/2021,
CARNIVAL VISTA,Carnival Cruise Line,9692569,1,Ocean Cruise,01/05/2016,
CELEBRITY EQUINOX,Celebrity Cruises,9372456,1,Ocean Cruise,,
NORWEGIAN PRIMA,Norwegian Cruise Line,9823986,1,Ocean Cruise,27/08/2022,
CARNIVAL CELEBRATION,Carnival Cruise Line,9837456,1,Ocean Cruise,06/11/2022,
AZURA,P&O UK (P&O Cruises),9424883,1,Ocean Cruise,,
NORWEGIAN JEWEL,Norwegian Cruise Line,9304045,1,Ocean Cruise,,
RUBY PRINCESS,Princess Cruises,9378462,1,Ocean Cruise,,
CELEBRITY REFLECTION,Celebrity Cruises,9506459,1,Ocean Cruise,,
NORWEGIAN BREAKAWAY,Norwegian Cruise Line,9606912,1,Ocean Cruise,,
BRITANNIA,P&O UK (P&O Cruises),9614036,2,Ocean Cruise,14/03/2015,
MSC SEASIDE,MSC Cruises,9745366,1,Ocean Cruise,21/12/2017,
CARNIVAL PRIDE,Carnival Cruise Line,9223954,1,Ocean Cruise,,
NORWEGIAN JADE,Norwegian Cruise Line,9304057,1,Ocean Cruise,,
VENTURA,P&O UK (P&O Cruises),9333175,1,Ocean Cruise,,
EMERALD PRINCESS,Princess Cruises,9333151,1,Ocean Cruise,,
SYMPHONY OF THE SEAS,Royal Caribbean,9744001,1,Ocean Cruise,07/04/2018,
ANTHEM OF THE SEAS,Royal Caribbean,9656101,1,Ocean Cruise,22/04/2015,
MSC SEASHORE,MSC Cruises,9843792,1,Ocean Cruise,01/08/2021,
ALLURE OF THE SEAS,Royal Caribbean,9383948,1,Ocean Cruise,,
ADVENTURE OF THE SEAS,Royal Caribbean,9167227,1,Ocean Cruise,,
MSC GRANDIOSA,MSC Cruises,9803613,1,Ocean Cruise,09/11/2019,
CARNIVAL GLORY,Carnival Cruise Line,9198367,1,Ocean Cruise,,
OCEANA,P&O UK (P&O Cruises),9169550,2,Ocean Cruise,,21/07/2020
DISNEY FANTASY,Disney Cruise Line,9445590,1,Ocean Cruise,,
DISNEY MAGIC,Disney Cruise Line,9126807,1,Ocean Cruise,,
CARNIVAL CONQUEST,Carnival Cruise Line,9198355,1,Ocean Cruise,,
CARNIVAL DREAM,Carnival Cruise Line,9378474,1,Ocean Cruise,,
GRAND PRINCESS,Princess Cruises,9104005,1,Ocean Cruise,,
CARIBBEAN PRINCESS,Princess Cruises,9215490,1,Ocean Cruise,,
NORWEGIAN EPIC,Norwegian Cruise Line,9410569,1,Ocean Cruise,,
NORWEGIAN GETAWAY,Norwegian Cruise Line,9606924,1,Ocean Cruise,,
QUEEN ELIZABETH,Cunard,9477438,1,Ocean Cruise,,
LIBERTY OF THE SEAS,Royal Caribbean,9330032,1,Ocean Cruise,,
NORWEGIAN VIVA,Norwegian Cruise Line,9823998,1,Ocean Cruise,03/08/2023,
COSTA SMERALDA,Costa Cruises,9781889,1,Ocean Cruise,16/11/2019,
CARNIVAL HORIZON,Carnival Cruise Line,9767091,1,Ocean Cruise,02/04/2018,
NORWEGIAN GEM,Norwegian Cruise Line,9355733,1,Ocean Cruise,,
SEVEN SEAS GRANDEUR,Regent Seven Seas Cruises,9877444,2,Luxury Cruise,18/11/2023,
MEIN SCHIFF 2,TUI Cruises,9783576,1,Ocean Cruise,09/02/2019,
MSC DIVINA,MSC Cruises,9585285,1,Ocean Cruise,,
AURORA,P&O UK (P&O Cruises),9169524,1,Ocean Cruise,,
SCARLET LADY,Virgin Voyages,9804801,1,Ocean Cruise,14/02/2020,
JEWEL OF THE SEAS,Royal Caribbean,9228356,1,Ocean Cruise,,
REGAL PRINCESS,Princess Cruises,9584724,1,Ocean Cruise,,
MSC ORCHESTRA,MSC Cruises,9320099,1,Ocean Cruise,,
CARNIVAL FREEDOM,Carnival Cruise Line,9333149,1,Ocean Cruise,,
DISNEY DREAM,Disney Cruise Line,9434254,1,Ocean Cruise,,
CARNIVAL VALOR,Carnival Cruise Line,9236389,1,Ocean Cruise,,
MSC VIRTUOSA,MSC Cruises,9803625,1,Ocean Cruise,20/05/2021,
CELEBRITY APEX,Celebrity Cruises,9838383,1,Ocean Cruise,04/02/2020,
ISLAND PRINCESS,Princess Cruises,9230402,1,Ocean Cruise,,
AIDACOSMA,AIDA Cruises,9781877,1,Ocean Cruise,26/02/2022,
NAVIGATOR OF THE SEAS,Royal Caribbean,9227508,1,Ocean Cruise,,
VIKING VENUS,Viking Ocean (Viking Cruises),9833175,1,Ocean Cruise,22/05/2021,
VIKING SKY,Viking Ocean (Viking Cruises),9650420,1,Ocean Cruise,25/02/2017,
RITZ CARLTON ILMA,Ritz-Carlton Yacht Collection,9967586,1,Luxury Cruise,19/09/2024,
MSC MERAVIGLIA,MSC Cruises,9760512,1,Ocean Cruise,03/06/2017,
COSTA ATLANTICA,Costa Cruises,9187796,2,Ocean Cruise,14/06/2024,
QUANTUM OF THE SEAS,Royal Caribbean,9549463,1,Ocean Cruise,,
MS EURODAM,Holland America,9378448,1,Ocean Cruise,,
CELEBRITY SILHOUETTE,Celebrity Cruises,9451094,1,Ocean Cruise,,
CELEBRITY CONSTELLATION,Celebrity Cruises,9192399,1,Ocean Cruise,,
CARNIVAL PANORAMA,Carnival Cruise Line,9802384,1,Ocean Cruise,10/12/2019,
INDEPENDENCE OF THE SEAS,Royal Caribbean,9349681,1,Ocean Cruise,,
CARNIVAL MAGIC,Carnival Cruise Line,9378486,1,Ocean Cruise,,
AIDANOVA,AIDA Cruises,9781865,1,Ocean Cruise,19/12/2018,
GRANDEUR OF THE SEAS,Royal Caribbean,9102978,1,Ocean Cruise,,
CARNIVAL SUNSHINE,Carnival Cruise Line,9070058,2,Ocean Cruise,,
MS VOLENDAM,Holland America,9156515,1,Ocean Cruise,,
MS ZAANDAM,Holland America,9156527,1,Ocean Cruise,,
MS NOORDAM,Holland America,9230115,1,Ocean Cruise,,
NORWEGIAN DAWN,Norwegian Cruise Line,9195169,1,Ocean Cruise,,
OASIS OF THE SEAS,Royal Caribbean,9383936,1,Ocean Cruise,,
ENCHANTMENT OF THE SEAS,Royal Caribbean,9111802,1,Ocean Cruise,,
MS NIEUW AMSTERDAM,Holland America,9378450,1,Ocean Cruise,,
BRILLIANCE OF THE SEAS,Royal Caribbean,9195200,1,Ocean Cruise,,
DISNEY WONDER,Disney Cruise Line,9126819,1,Ocean Cruise,,
VIKING ORION,Viking Ocean (Viking Cruises),9796250,1,Ocean Cruise,14/06/2018,
CARNIVAL MIRACLE,Carnival Cruise Line,9237357,1,Ocean Cruise,,
SPIRIT OF DISCOVERY,Saga Ocean Cruises (Saga Cruises),9802683,1,Ocean Cruise,05/07/2019,
SEVEN SEAS EXPLORER,Regent Seven Seas Cruises,9703150,1,Luxury Cruise,13/07/2016,
CELEBRITY SUMMIT,Celebrity Cruises,9192387,1,Ocean Cruise,,
CARNIVAL IMAGINATION,Carnival Cruise Line,9053878,1,Ocean Cruise,,15/03/2020
MS OOSTERDAM,Holland America,9221281,1,Ocean Cruise,,
MS WESTERDAM,Holland America,9226891,1,Ocean Cruise,,
CARNIVAL LEGEND,Carnival Cruise Line,9224726,2,Ocean Cruise,,
VIKING SEA,Viking Ocean (Viking Cruises),9725421,1,Ocean Cruise,03/04/2016,
VIKING JUPITER,Viking Ocean (Viking Cruises),9796262,1,Ocean Cruise,14/02/2019,
MS ZUIDERDAM,Holland America,9221279,1,Ocean Cruise,,
FREEDOM OF THE SEAS,Royal Caribbean,9304033,1,Ocean Cruise,,
VIKING VELA,Viking Ocean (Viking Cruises),9852432,1,Ocean Cruise,12/12/2024,
CORAL PRINCESS,Princess Cruises,9229659,1,Ocean Cruise,,
SEVEN SEAS SPLENDOR,Regent Seven Seas Cruises,9807085,1,Luxury Cruise,01/02/2020,
VISION OF THE SEAS,Royal Caribbean,9116876,1,Ocean Cruise,,
CARNIVAL FANTASY,Carnival Cruise Line,8700773,1,Ocean Cruise,,15/07/2020
EXPLORER OF THE SEAS,Royal Caribbean,9161728,1,Ocean Cruise,,
CARNIVAL SPLENDOR,Carnival Cruise Line,9333163,1,Ocean Cruise,,
PRIDE OF AMERICA,Norwegian Cruise Line,9209221,1,Ocean Cruise,,
MARINER OF THE SEAS,Royal Caribbean,9227510,1,Ocean Cruise,,
CELEBRITY MILLENNIUM,Celebrity Cruises,9189419,1,Ocean Cruise,,
MSC PREZIOSA,MSC Cruises,9595321,1,Ocean Cruise,,
NORWEGIAN SKY,Norwegian Cruise Line,9128532,1,Ocean Cruise,,
ARCADIA,P&O UK (P&O Cruises),9226906,1,Ocean Cruise,,
MSC POESIA,MSC Cruises,9387073,1,Ocean Cruise,,
SERENADE OF THE SEAS,Royal Caribbean,9228344,1,Ocean Cruise,,
SEABOURN OVATION,Seabourn Cruises,9764958,1,Luxury Cruise,11/05/2018,
SILVER MUSE,Silversea Cruises,9784350,1,Luxury Cruise,17/04/2018,
ROYAL PRINCESS,Princess Cruises,9584712,1,Ocean Cruise,,
NORWEGIAN SPIRIT,Norwegian Cruise Line,9141065,1,Ocean Cruise,,
CROWN PRINCESS,Princess Cruises,9293399,1,Ocean Cruise,,
CELEBRITY ECLIPSE,Celebrity Cruises,9404314,1,Ocean Cruise,,
CELEBRITY INFINITY,Celebrity Cruises,9189421,1,Ocean Cruise,,
AZAMARA QUEST,Azamara Cruises,9210218,2,Ocean Cruise,,
SILVER RAY,Silversea Cruises,9886225,1,Luxury Cruise,15/06/2024,
CARNIVAL ELATION,Carnival Cruise Line,9118721,1,Ocean Cruise,,
NORWEGIAN PEARL,Norwegian Cruise Line,9342281,1,Ocean Cruise,,
OCEANIA VISTA,Oceania Cruises,9876957,1,Ocean Cruise,14/04/2023,
VIKING MARS,Viking Ocean (Viking Cruises),9833187,1,Ocean Cruise,28/05/2022,
DIAMOND PRINCESS,Princess Cruises,9228198,2,Ocean Cruise,,
QUEEN VICTORIA,Cunard,9320556,1,Ocean Cruise,,
AZAMARA JOURNEY,Azamara Cruises,9200940,2,Ocean Cruise,,
OVATION OF THE SEAS,Royal Caribbean,9697753,1,Ocean Cruise,14/04/2016,
COSTA DIADEMA,Costa Cruises,9636888,1,Ocean Cruise,,
OCEANIA ALLURA,Oceania Cruises,9876969,1,Ocean Cruise,18/07/2025,
RADIANCE OF THE SEAS,Royal Caribbean,9195195,1,Ocean Cruise,,
CARNIVAL ECSTASY,Carnival Cruise Line,8711344,1,Ocean Cruise,,15/10/2022
SPECTRUM OF THE SEAS,Royal Caribbean,9778856,2,Ocean Cruise,18/04/2019,
NORWEGIAN SUN,Norwegian Cruise Line,9218131,1,Ocean Cruise,,
MEIN SCHIFF 1,TUI Cruises,9783564,1,Ocean Cruise,27/04/2018,
CELEBRITY SOLSTICE,Celebrity Cruises,9362530,1,Ocean Cruise,,
SILVER DAWN,Silversea Cruises,9857937,1,Luxury Cruise,18/03/2022,
MSC MUSICA,MSC Cruises,9320087,1,Ocean Cruise,,
CARNIVAL SPIRIT,Carnival Cruise Line,9188647,2,Ocean Cruise,,
BOREALIS,Fred Olsen Cruise Lines,9122552,2,Ocean Cruise,,
EXPLORA I,MSC Explora Journeys,9869875,1,Luxury Cruise,17/07/2023,
RHAPSODY OF THE SEAS,Royal Caribbean,9116864,1,Ocean Cruise,,
MEIN SCHIFF 6,TUI Cruises,9753208,1,Ocean Cruise,12/05/2017,
SILVER MOON,Silversea Cruises,9838618,1,Luxury Cruise,18/06/2021,
MS DREAM CHARMING,Foresee Cruises China,9150913,2,Ocean Cruise,,01/11/2020
MSC SEAVIEW,MSC Cruises,9745378,1,Ocean Cruise,09/06/2018,
AIDAPERLA,AIDA Cruises,9636967,1,Ocean Cruise,01/06/2017,
VIKING STAR,Viking Ocean (Viking Cruises),9650418,1,Ocean Cruise,11/04/2015,
MSC MAGNIFICA,MSC Cruises,9387085,1,Ocean Cruise,,
VOYAGER OF THE SEAS,Royal Caribbean,9161716,1,Ocean Cruise,,
BOLETTE,Fred Olsen Cruise Lines,9188037,2,Ocean Cruise,,
BALMORAL,Fred Olsen Cruise Lines,8506294,1,Ocean Cruise,,
CARNIVAL ENCOUNTER,Carnival Cruise Line,9192363,3,Ocean Cruise,,
CELEBRITY FLORA,Celebrity Cruises,9837925,1,Ocean Cruise,30/06/2019,
SEABOURN ENCORE,Seabourn Cruises,9731171,1,Luxury Cruise,07/01/2017,
VIKING SATURN,Viking Ocean (Viking Cruises),9845922,1,Ocean Cruise,02/05/2023,
CARNIVAL PARADISE,Carnival Cruise Line,9120877,1,Ocean Cruise,,
CARNIVAL FIRENZE,Carnival Cruise Line,9801691,2,Ocean Cruise,04/07/2021,
MSC FANTASIA,MSC Cruises,9359791,1,Ocean Cruise,,
MSC SINFONIA,MSC Cruises,9210153,1,Ocean Cruise,,
MSC OPERA,MSC Cruises,9250464,1,Ocean Cruise,,
SEABOURN PURSUIT,Seabourn Cruises,9862035,1,Luxury Cruise,10/08/2023,
RITZ CARLTON EVRIMA,Ritz-Carlton Yacht Collection,9823687,1,Luxury Cruise,15/10/2022,
CARNIVAL ADVENTURE,Carnival Cruise Line,9192351,4,Ocean Cruise,,
AIDAPRIMA,AIDA Cruises,9636955,1,Ocean Cruise,14/03/2016,
MARELLA DISCOVERY 2,Marella Cruises,9070620,2,Ocean Cruise,,
MARELLA DISCOVERY,Marella Cruises,9070632,3,Ocean Cruise,,
MEIN SCHIFF 3,TUI Cruises,9641730,1,Ocean Cruise,,
MEIN SCHIFF 4,TUI Cruises,9678408,1,Ocean Cruise,06/06/2015,
SEVEN SEAS VOYAGER,Regent Seven Seas Cruises,9247144,1,Luxury Cruise,,
CARNIVAL VICTORY,Carnival Cruise Line,9172648,2,Ocean Cruise,,
MSC SPLENDIDA,MSC Cruises,9359806,1,Ocean Cruise,,
MEIN SCHIFF 5,TUI Cruises,9753193,1,Ocean Cruise,16/07/2016,
CARNIVAL TRIUMPH,Carnival Cruise Line,9138850,2,Ocean Cruise,,
PACIFIC EXPLORER,P&O Australia,9103996,3,Ocean Cruise,,
MARELLA EXPLORER,Marella Cruises,9106297,2,Ocean Cruise,,
VIKING VESTA,Viking Ocean (Viking Cruises),9852444,1,Ocean Cruise,02/07/2025,
MAJESTIC PRINCESS,Princess Cruises,9614141,2,Ocean Cruise,04/04/2017,
AMBIENCE,Ambassador Cruise Line,8521232,2,Ocean Cruise,,
MS ROALD AMUNDSEN,HX Expeditions,9813072,1,Expedition Cruise,03/07/2019,
MS VEENDAM,Holland America,9102992,2,Ocean Cruise,,01/07/2020
OCEANIA MARINA,Oceania Cruises,9438066,1,Ocean Cruise,,
EMERALD AZZURRA,Emerald Yacht Cruises (Emerald Cruises),9903504,1,Luxury Cruise,28/11/2022,
VIKING POLARIS,Viking Expeditions (Viking Cruises),9863209,1,Expedition Cruise,03/10/2022,
COSTA FAVOLOSA,Costa Cruises,9479852,1,Ocean Cruise,,
AZAMARA PURSUIT,Azamara Cruises,9210220,4,Ocean Cruise,,
AZAMARA ONWARD,Azamara Cruises,9187887,3,Ocean Cruise,,
SEABOURN VENTURE,Seabourn Cruises,9862023,1,Luxury Cruise,27/07/2022,
MARELLA DREAM,Marella Cruises,8407735,2,Ocean Cruise,,01/10/2020
COLUMBUS,Cruise & Maritime Voyages,8611398,2,Ocean Cruise,,15/04/2020
SILVER SPIRIT,Silversea Cruises,9437866,1,Luxury Cruise,,
NORWEGIAN JOY,Norwegian Cruise Line,9703796,1,Ocean Cruise,27/06/2017,
MSC BELLISSIMA,MSC Cruises,9760524,1,Ocean Cruise,04/03/2019,
WIND SPIRIT,Windstar Cruises,8603509,1,Cruise yacht,,
OCEANIA RIVIERA,Oceania Cruises,9438078,1,Ocean Cruise,,
MARELLA CELEBRATION,Marella Cruises,8027298,2,Ocean Cruise,,29/04/2020
SEVEN SEAS MARINER,Regent Seven Seas Cruises,9210139,1,Luxury Cruise,,
CARNIVAL LUMINOSA,Carnival Cruise Line,9398905,2,Ocean Cruise,,
MSC ARMONIA,MSC Cruises,9210141,1,Ocean Cruise,,
SAPPHIRE PRINCESS,Princess Cruises,9228186,2,Ocean Cruise,,
COSTA FASCINOSA,Costa Cruises,9479864,1,Ocean Cruise,,
VIKING OCTANTIS,Viking Expeditions (Viking Cruises),9863194,1,Expedition Cruise,21/12/2021,
AIDASTELLA,AIDA Cruises,9601132,1,Ocean Cruise,,
SILVER WHISPER,Silversea Cruises,9192179,1,Luxury Cruise,,
AIDALUNA,AIDA Cruises,9334868,1,Ocean Cruise,,
COSTA PACIFICA,Costa Cruises,9378498,1,Ocean Cruise,,
PACIFIC WORLD,Peace Boat,9000259,2,Ocean Cruise,,
CARNIVAL VENEZIA,Carnival Cruise Line,9801689,2,Ocean Cruise,08/03/2019,
AIDASOL,AIDA Cruises,9490040,1,Ocean Cruise,,
MAJESTY OF THE SEAS,Royal Caribbean,8819512,2,Ocean Cruise,,01/12/2020
SCENIC ECLIPSE 2,Scenic Yacht Cruises (Scenic Cruises),9850460,2,Luxury Cruise,12/04/2023,
MAGELLAN,Cruise & Maritime Voyages,8217881,2,Ocean Cruise,,31/03/2020
MS FRIDTJOF NANSEN,HX Expeditions,9813084,1,Expedition Cruise,26/06/2020,
COLUMBUS 2,Hapag-Lloyd Cruises,9156462,2,Luxury Cruise,,
BOUDICCA,Fred Olsen Cruise Lines,7218395,1,Ocean Cruise,,21/08/2020
AIDAMAR,AIDA Cruises,9490052,1,Ocean Cruise,,
AIDABELLA,AIDA Cruises,9362542,1,Ocean Cruise,,
AIDABLU,AIDA Cruises,9398888,1,Ocean Cruise,,
CRYSTAL ENDEAVOR,Crystal Cruises,9821873,2,Luxury Cruise,17/07/2021,
SEVEN SEAS NAVIGATOR,Regent Seven Seas Cruises,9064126,1,Luxury Cruise,,
SEABOURN QUEST,Seabourn Cruises,9483126,1,Luxury Cruise,,
COSTA DELIZIOSA,Costa Cruises,9398917,1,Ocean Cruise,,
OCEANIA SIRENA,Oceania Cruises,9187899,2,Ocean Cruise,,
SEABOURN SOJOURN,Seabourn Cruises,9417098,1,Luxury Cruise,,
RENAISSANCE,Ambassador Cruise Line,8919257,3,Ocean Cruise,,
CARNIVAL FASCINATION,Carnival Cruise Line,9041253,1,Ocean Cruise,,01/07/2020
BLACK WATCH,Fred Olsen Cruise Lines,7108930,1,Ocean Cruise,,21/08/2020
CELEBRITY MERCURY,Celebrity Cruises,9106302,4,Ocean Cruise,,
SEABOURN LEGEND,Seabourn Cruises,9008598,2,Luxury Cruise,,
VASCO DA GAMA,Cruise & Maritime Voyages,8919245,4,Ocean Cruise,,
CELESTYAL JOURNEY,Celestyal Cruises,8919269,3,Ocean Cruise,,
SILVER SHADOW,Silversea Cruises,9192167,1,Luxury Cruise,,
OCEANIA NAUTICA,Oceania Cruises,9200938,1,Ocean Cruise,,
AIDADIVA,AIDA Cruises,9334856,1,Ocean Cruise,,
MARCO POLO,Cruise & Maritime Voyages,6417097,1,Ocean Cruise,,20/07/2020
SILVER WIND,Silversea Cruises,8903935,1,Luxury Cruise,,
MS PRINSENDAM,Holland America,8700280,2,Ocean Cruise,,
CRYSTAL SERENITY,Crystal Cruises,9243667,1,Luxury Cruise,,
CELEBRITY CENTURY,Celebrity Cruises,9072446,2,Ocean Cruise,,
WIND STAR,Windstar Cruises,8420878,1,Cruise yacht,,
CRYSTAL SYMPHONY,Crystal Cruises,9066667,1,Luxury Cruise,,
SCENIC ECLIPSE,Scenic Yacht Cruises (Scenic Cruises),9797371,2,Luxury Cruise,23/08/2019,
REGATTA,Explorations by Norwegian,9156474,2,Ocean Cruise,,
WORLD TRAVELLER,Atlas Ocean Voyages,9904807,1,Expedition Cruise,21/11/2022,
MSC LIRICA,MSC Cruises,9246102,1,Ocean Cruise,,
ADORA MAGIC CITY,Adora Cruises Carnival China,9871036,1,Ocean Cruise,01/01/2024,
MS NORDKAPP,Hurtigruten,9107772,1,Expedition Cruise,,
COSTA FORTUNA,Costa Cruises,9239783,1,Ocean Cruise,,
MARELLA SPIRIT,Marella Cruises,8024014,2,Ocean Cruise,,04/11/2018
SEABOURN SPIRIT,Seabourn Cruises,8807997,2,Luxury Cruise,,
PIANO LAND,Astro Ocean Cruise China,9050137,3,Ocean Cruise,,
MS TROLLFJORD,Hurtigruten,9233258,1,Expedition Cruise,,
CARNIVAL INSPIRATION,Carnival Cruise Line,9087489,1,Ocean Cruise,,01/07/2020
MS DEUTSCHLAND,Phoenix Reisen,9141807,2,Ocean Cruise,,
MITSUI OCEAN FUJI,Mitsui OSK Lines,9417086,2,Ocean Cruise,,
BRAEMAR,Fred Olsen Cruise Lines,9000699,2,Ocean Cruise,,
WORLD NAVIGATOR,Atlas Ocean Voyages,9871531,1,Expedition Cruise,01/08/2021,
SILVER CLOUD,Silversea Cruises,8903923,1,Luxury Cruise,,
MS NORDNORGE,Hurtigruten,9107784,1,Expedition Cruise,,
CARNIVAL SENSATION,Carnival Cruise Line,8711356,1,Ocean Cruise,,19/03/2022
MS RICHARD WITH,Hurtigruten,9040429,1,Expedition Cruise,,
ROYAL CLIPPER,Star Clippers,8712178,1,Sailing Ship,,
HAVILA POLARIS,Havila Voyages,9946910,1,Ferry Cruise,19/08/2023,
MS MIDNATSOL,Hurtigruten,9247728,4,Expedition Cruise,,
AIDAMIRA,AIDA Cruises,9172777,3,Ocean Cruise,,
MS KONG HARALD,Hurtigruten,9039119,1,Expedition Cruise,,
SEABOURN PRIDE,Seabourn Cruises,8707343,2,Luxury Cruise,,
WIND SURF,Windstar Cruises,8700785,1,Cruise yacht,,
PAUL GAUGUIN,Paul Gauguin Cruises (Ponant Cruises),9111319,2,Luxury Cruise,,
COSTA MAGICA,Costa Cruises,9239795,2,Ocean Cruise,,30/04/2020
MS EUROPA 2,Hapag-Lloyd Cruises,9616230,1,Luxury Cruise,,
MS FRAM,HX Expeditions,9370018,1,Expedition Cruise,,
AIDAVITA,AIDA Cruises,9221554,2,Ocean Cruise,,01/03/2020
EMERALD SAKARA,Emerald Yacht Cruises (Emerald Cruises),9948827,1,Luxury Cruise,24/06/2023,
HANSEATIC NATURE,Hapag-Lloyd Cruises,9817133,2,Luxury Cruise,30/04/2019,
LE BOREAL,Ponant Cruises,9502506,1,Expedition Cruise,,
HANSEATIC INSPIRATION,Hapag-Lloyd Cruises,9817145,1,Luxury Cruise,14/10/2019,
ZHAO SHANG YI DUN-VIKING SUN,Viking China Coastal Cruise (Viking Cruises),9725433,2,Ocean Cruise,04/10/2017,
AIDAAURA,AIDA Cruises,9221566,3,Ocean Cruise,,
EXPLORIS ONE,Exploris Cruises,8806747,2,Expedition Cruise,,
MSC SEASCAPE,MSC Cruises,9843807,1,Ocean Cruise,18/11/2022,
KARNIKA,Jalesh Cruises,8521220,2,Ocean Cruise,,
CORDELIA EMPRESS,Cordelia Cruises,8716899,3,Ocean Cruise,,
HANSEATIC SPIRIT,Hapag-Lloyd Cruises,9857640,1,Luxury Cruise,14/09/2021,
CELESTYAL CRYSTAL,Celestyal Cruises,7827213,2,Ocean Cruise,,
ISLAND SKY,Noble Caledonia,8802894,1,Expedition Cruise,,
SEADREAM II,SeaDream Yacht Club,8203440,1,Cruise yacht,,
ADORA MEDITERRANEA,Adora Cruises Carnival China,9237345,2,Ocean Cruise,,
NATIONAL GEOGRAPHIC ENDURANCE,Lindblad Expeditions,9842554,1,Expedition Cruise,21/07/2021,
SH VEGA,Swan Hellenic Cruises,9895252,2,Expedition Cruise,29/05/2022,
GRAND CLASSICA,Bahamas Paradise Cruise Line,8716502,3,Ocean Cruise,,
CROWN IRIS,Mano Cruises,8814744,2,Ocean Cruise,,
QUARK ULTRAMARINE,Quark Expeditions,9861017,1,Expedition Cruise,18/12/2020,
COSTA VICTORIA,Costa Cruises,9109031,1,Ocean Cruise,,25/05/2020
HAVILA CAPELLA,Havila Voyages,9865570,1,Ferry Cruise,12/12/2021,
SILVER ORIGIN,Silversea Cruises,9837937,1,Luxury Cruise,18/07/2020,
SEADREAM I,SeaDream Yacht Club,8203438,1,Cruise yacht,,
MS LA BELLE DES OCEANS,CroisiEurope,8800195,2,Small Cruise,,
GREG MORTIMER,Aurora Expeditions Australia,9834648,2,Expedition Cruise,31/10/2019,
MS ARTANIA,Phoenix Reisen,8201480,2,Ocean Cruise,,
MS OTTO SVERDRUP,Hurtigruten,9231951,3,Expedition Cruise,,
CELEBRITY XPEDITION,Celebrity Cruises,9228368,2,Ocean Cruise,,
AIDACARA,AIDA Cruises,9112789,2,Ocean Cruise,,
GENTING DREAM,Dream Cruises,9733105,2,Ocean Cruise,,
MS SPITSBERGEN,HX Expeditions,9434060,1,Expedition Cruise,,
LE LYRIAL,Ponant Cruises,9704130,1,Expedition Cruise,,
MS AMADEA,Phoenix Reisen,8913162,1,Ocean Cruise,,
LE SOLEAL,Ponant Cruises,9641675,1,Expedition Cruise,,
EXPLORER DREAM,Dream Cruises,9141077,4,Ocean Cruise,,
WORLD VOYAGER,Atlas Ocean Voyages,9871529,1,Expedition Cruise,,
MS EUROPA,Hapag-Lloyd Cruises,9183855,2,Luxury Cruise,,
COSTA SERENA,Costa Cruises,9343132,1,Ocean Cruise,,
L'AUSTRAL,Ponant Cruises,9502518,1,Expedition Cruise,,
LE COMMANDANT CHARCOT,Ponant Cruises,9846249,1,Expedition Cruise,,
MS POLARLYS,Hurtigruten,9107796,1,Expedition Cruise,,
OCEAN ENDEAVOUR,Adventure Canada,7625811,2,Expedition Cruise,,
HAVILA CASTOR,Havila Voyages,9865582,1,Ferry Cruise,,
BLUE SAPPHIRE,ANEX Selectum Blu Cruises,7822457,2,Ocean Cruise,,
MV SEA SPIRIT,Poseidon Expeditions,8802868,2,Expedition Cruise,,
VIKING GLORY,Viking Line,9827877,1,Ferry Cruise,01/03/2022,
NATIONAL GEOGRAPHIC EXPLORER,Lindblad Expeditions,8019356,1,Expedition Cruise,,
HAVILA POLLUX,Havila Voyages,9946922,1,Ferry Cruise,,
ASTOR,Cruise & Maritime Voyages,8506373,1,Ocean Cruise,,15/10/2020
MS NORDLYS,Hurtigruten,9048914,1,Expedition Cruise,,
SANTA CRUZ II,HX Expeditions,9265677,1,Expedition Cruise,,
LE LAPEROUSE,Ponant Cruises,9814026,1,Expedition Cruise,19/06/2018,
NATIONAL GEOGRAPHIC RESOLUTION,Lindblad Expeditions,9880685,1,Expedition Cruise,07/11/2021,
SH DIANA,Swan Hellenic Cruises,9921740,2,Expedition Cruise,,
MS SEAVENTURE,66 Degrees Expeditions China,8907424,5,Expedition Cruise,,
HORIZON,Croisieres de France,8807088,2,Ocean Cruise,,
LE CHAMPLAIN,Ponant Cruises,9814038,1,Expedition Cruise,25/10/2018,
MS HAMBURG,Plantours,9138329,1,Ocean Cruise,,
OCEAN VICTORY,Albatros Expeditions,9868869,2,Expedition Cruise,26/11/2021,
COSTA NEOROMANTICA,Costa Cruises,8821046,1,Ocean Cruise,,31/01/2020
SYLVIA EARLE,Aurora Expeditions Australia,9872327,1,Expedition Cruise,04/11/2022,
STAR CLIPPER,Star Clippers,8915445,1,Sailing Ship,,
HEBRIDEAN PRINCESS,Hebridean Island Cruises,6409351,1,Luxury Cruise,,
STAR FLYER,Star Clippers,8915433,1,Sailing Ship,,
OCEAN EXPLORER,Aurora Expeditions Australia,9883194,3,Expedition Cruise,04/11/2021,
MV HONDIUS,Oceanwide Expeditions,9818709,1,Expedition Cruise,03/06/2019,
LE JACQUES CARTIER,Ponant Cruises,9852420,1,Expedition Cruise,01/07/2020,
PICTON CASTLE,Windward Isles Sailing Ship,5375010,1,Sailing Ship,,
MS EXPEDITION,G Adventures Galapagos,7211074,1,Galapagos Cruise,,
MV ORTELIUS,Oceanwide Expeditions,8509181,2,Expedition Cruise,,
ZENITH,Pullmantur Cruises,8918136,1,Ocean Cruise,,01/05/2022
COLOR MAGIC,Color Line,9349863,1,Ferry Cruise,,
OCEAN ALBATROS,Albatros Expeditions,9880661,2,Expedition Cruise,,
LE BOUGAINVILLE,Ponant Cruises,9814040,1,Expedition Cruise,15/04/2019,
ARANUI 5,Aranui Cruises,9677492,1,Expedition Cruise,,
LE BELLOT,Ponant Cruises,9852418,1,Expedition Cruise,20/09/2021,
MONARCH,Pullmantur Cruises,8819500,1,Ocean Cruise,,30/04/2020
AZORES,Cruise & Maritime Voyages,5383304,2,Ocean Cruise,,01/12/2020
SOVEREIGN,Pullmantur Cruises,8512281,1,Ocean Cruise,,23/07/2020
VIA AUSTRALIS,Australis Cruises Patagonia,9334088,2,Expedition Cruise,,
OCEAN ADVENTURER,Quark Expeditions,7391422,4,Expedition Cruise,,
CELESTYAL OLYMPIA,Celestyal Cruises,7927984,2,Ocean Cruise,,30/11/2023
VIKING CINDERELLA,Viking Line,8719188,2,Ferry Cruise,,
LE DUMONT DURVILLE,Ponant Cruises,9814052,1,Expedition Cruise,07/08/2019,
SILJA SERENADE,Tallink Silja Line,8715259,1,Ferry Cruise,,
SILJA SYMPHONY,Tallink Silja Line,8803769,1,Ferry Cruise,,
OOCL ATLANTA,OOCL,9285005,1,Container Ship,,
COLOR FANTASY,Color Line,9278234,1,Ferry Cruise,,
MS HANSEATIC,Hapag-Lloyd Cruises,9000168,3,Luxury Cruise,,
MS VESTERALEN,Hurtigruten,8019368,1,Expedition Cruise,,
NATIONAL GEOGRAPHIC ORION,Lindblad Expeditions,9273076,1,Expedition Cruise,,
CORAL GEOGRAPHER,Coral Expeditions Australia,9883986,1,Expedition Cruise,23/03/2021,
MS THE WORLD,residential ships,9219331,1,Luxury Cruise,,
GABRIELLA,Viking Line,8917601,1,Ferry Cruise,,
OCEAN VOYAGER,American Queen Voyages,9213129,2,Small Cruise,,
CRUISE SAUDI MANARA,Aroya Cruises,9733117,3,Ocean Cruise,19/11/2017,
HEBRIDEAN SKY,Noble Caledonia,8802882,1,Expedition Cruise,,
MS NORRONA,Smyril Line,9227390,1,Ferry Cruise,,
NIPPON MARU,Mitsui OSK Lines,8817631,1,Ocean Cruise,,
OCEAN DIAMOND,Quark Expeditions,7325629,2,Expedition Cruise,,
CORAL ADVENTURER,Coral Expeditions Australia,9838644,1,Expedition Cruise,29/04/2019,
SAGA PEARL II,Saga Ocean Cruises (Saga Cruises),8000214,1,Ocean Cruise,,12/04/2019
OOCL SCANDINAVIA,OOCL,9776212,1,Container Ship,,
BALTIC QUEEN,Tallink Silja Line,9443255,1,Ferry Cruise,,
WILDERNESS DISCOVERER,UnCruise Adventures,8859689,1,Expedition Cruise,,
PRIDE OF ROTTERDAM,P&O Ferries,9208617,1,Ferry Cruise,,
ISLAND ESCAPE,Island Cruises,8002597,2,Ocean Cruise,,03/12/2015
ASUKA 2,NYK Cruises Japan,8806204,1,Ocean Cruise,,
VIDANTA ELEGANT,Vidanta Cruises,8709573,2,Ocean Cruise,,
PEARL MIST,Pearl Seas Cruises,9412701,1,Ocean Cruise,,
MV AEGEAN ODYSSEY,Road Scholar Cruises,7225910,1,Ocean Cruise,,
MV PLANCIUS,Oceanwide Expeditions,7432044,1,Expedition Cruise,,
VICTORY II,American Queen Voyages,9213131,2,Small Cruise,,
CRYSTAL ESPRIT,Crystal Cruises,8705266,2,Luxury Cruise,,
SEA CLOUD SPIRIT,Sea Cloud Cruises,9483712,1,Sailing Ship,,
WILDERNESS LEGACY,UnCruise Adventures,8963703,1,Expedition Cruise,,
WORLD EXPLORER,Quark Expeditions,9835719,1,Expedition Cruise,01/08/2019,
SAFARI EXPLORER,UnCruise Adventures,8964654,1,Expedition Cruise,,
SAFARI ENDEAVOUR,UnCruise Adventures,8963698,1,Expedition Cruise,,
PRIDE OF HULL,P&O Ferries,9208629,1,Ferry Cruise,,
NATIONAL GEOGRAPHIC QUEST,Lindblad Expeditions,9798985,1,Expedition Cruise,29/07/2017,
BLUE DREAM STAR,Blue Dream Cruises China,9183518,5,Ocean Cruise,,
CROWN OF SCANDINAVIA,DFDS Seaways,8917613,3,Ferry Cruise,,
MS LOFOTEN,Hurtigruten,5424562,1,Expedition Cruise,,01/01/2021
NATIONAL GEOGRAPHIC VENTURE,Lindblad Expeditions,9799044,1,Expedition Cruise,01/06/2018,
SILVER GALAPAGOS,Silversea Cruises,8708660,2,Luxury Cruise,,
SUPERSTAR GEMINI,Star Cruises,9008419,1,Ocean Cruise,,29/05/2022
BIRKA STOCKHOLM,Birka Cruises,9273727,2,Ocean Cruise,,
MV USHUAIA,Antarpply Expeditions Antarctica,6901907,1,Expedition Cruise,,
CLUB MED 2,Club Med Cruises,9007491,1,Luxury Cruise,,
CALEDONIAN SKY,Captain Cook Cruises Fiji,8802870,1,Cruise yacht,,
CELEBRITY XPLORATION,Celebrity Cruises,9455882,2,Ocean Cruise,,
GRAND CELEBRATION,Bahamas Paradise Cruise Line,8314134,1,Ocean Cruise,,
MINERVA,Hansa Touristik,9144196,3,Ocean Cruise,,
SAFARI VOYAGER,UnCruise Adventures,8963753,1,Expedition Cruise,,
MV CORINTHIAN,Grand Circle Cruise Line,8708672,1,Small Cruise,,
PEARL SEAWAYS,DFDS Seaways,8701674,2,Ferry Cruise,,
KING SEAWAYS,DFDS Seaways,8502406,1,Ferry Cruise,,
MV CLIO,Grand Circle Cruise Line,9159830,2,Small Cruise,,
BALTIC PRINCESS,Tallink Silja Line,9354284,1,Ferry Cruise,,
SUPERSPEED 1,Color Line,9374519,1,Ferry Cruise,,
MV REEF ENDEAVOUR,Captain Cook Cruises Fiji,9012666,1,Cruise yacht,,01/11/2023
MS LA BELLE DE L'ADRIATIQUE,CroisiEurope,9432799,1,Small Cruise,,
RRS DISCOVERY,UK (Icebreakers),9588029,1,Expedition Cruise,,
MV MAGELLAN EXPLORER,Antarctica21 Air-Cruises,9822516,1,Expedition Cruise,28/11/2019,
PONT AVEN,Brittany Ferries,9268708,1,Ferry Cruise,,
VIKING GRACE,Viking Line,9606900,1,Ferry Cruise,,
VICTORIA I,Tallink Silja Line,9281281,1,Ferry Cruise,,
WILDERNESS EXPLORER,UnCruise Adventures,7641413,1,Expedition Cruise,,
SEA CLOUD,Sea Cloud Cruises,8843446,1,Sailing Ship,,
MV VIKINGFJORD,Secret Atlas,7382627,1,Expedition Cruise,,
CORAL DISCOVERER,Coral Expeditions Australia,9292747,1,Expedition Cruise,,
MV VENTUS AUSTRALIS,Australis Cruises Patagonia,9805403,1,Expedition Cruise,27/09/2018,
RITZ CARLTON LUMINARA,Ritz-Carlton Yacht Collection,9967598,1,Luxury Cruise,03/07/2025,
PRINCESS SEAWAYS,DFDS Seaways,8502391,1,Ferry Cruise,,
STENA SCANDINAVICA,Stena Line,9235517,1,Ferry Cruise,,
SEA CLOUD 2,Sea Cloud Cruises,9171292,1,Sailing Ship,,
OCEAN NOVA,Antarctica21 Air-Cruises,8913916,1,Expedition Cruise,,
LORD OF THE GLENS,Hebridean Island Cruises,8966470,1,Luxury Cruise,,
SKORPIOS II,Cruceros Skorpios,8006397,1,Expedition Cruise,,
MS SERENISSIMA,Noble Caledonia,5142657,2,Expedition Cruise,,
STENA GERMANICA,Stena Line,9145176,1,Ferry Cruise,,
NATIONAL GEOGRAPHIC SEA LION,Lindblad Expeditions,8966456,1,Expedition Cruise,,
MV EVOLUTION,Quasar Expeditions,7122326,1,Galapagos Cruise,,
MV ARTEMIS,Grand Circle Cruise Line,9398010,1,Small Cruise,,
PROFESSOR KHROMOV,Heritage Expeditions,8010350,2,Expedition Cruise,,
PRINCESS ANASTASIA,St. Peter Line,8414582,2,Ferry Cruise,,
MY PEGASUS,Variety Cruises,8936841,1,Cruise yacht,,
DISNEY ADVENTURE,Disney Cruise Line,9808986,1,Ocean Cruise,10/03/2026,
MV STELLA AUSTRALIS,Australis Cruises Patagonia,9534676,1,Expedition Cruise,,
GOLDEN HORIZON,Tradewind Voyages UK (Star Clippers),9793545,1,Sailing Ship,09/06/2021,
NATIONAL GEOGRAPHIC SEA BIRD,Lindblad Expeditions,8966444,1,Expedition Cruise,,
MV POLAR PIONEER,Aurora Expeditions Australia,8010324,3,Expedition Cruise,,
MV ARETHUSA,Grand Circle Cruise Line,9398022,1,Small Cruise,,
RRS JAMES COOK,UK (Icebreakers),9338242,1,Expedition Cruise,,
MV GEMINI,Miray Life at Sea Cruises,9000687,1,Ocean Cruise,,
STAVANGERFJORD,Fjord Line,9586605,1,Ferry Cruise,,
MEGA VICTORIA,Corsica Ferries,8601915,3,Ferry Cruise,,
CELEBRITY XPERIENCE,Celebrity Cruises,8112902,2,Ocean Cruise,,
MS NORDSTJERNEN,Hurtigruten,5255777,1,Expedition Cruise,,02/11/2025
MV ATHENA,Grand Circle Cruise Line,9398008,1,Small Cruise,,
MS DOURO CRUISER,Nicko Cruises,9329344,1,Ocean Cruise,,
MYSTAR,Tallink Silja Line,9892690,1,Ferry Cruise,,
SAINT MALO,Brittany Ferries,9946336,1,Ferry Cruise,,
MS GALILEO,Variety Cruises,8986286,1,Cruise yacht,,
BARANOF DREAM,Alaskan Dream Cruises,8963715,1,Expedition Cruise,,
MEGASTAR,Tallink Silja Line,9773064,1,Ferry Cruise,,
GALICIA,Brittany Ferries,9856189,1,Ferry Cruise,12/10/2020,
SAFARI QUEST,UnCruise Adventures,8669711,1,Expedition Cruise,,
MY HARMONY G,Variety Cruises,8984989,1,Cruise yacht,,
WILDERNESS ADVENTURER,UnCruise Adventures,8978667,1,Expedition Cruise,,
SILJA EUROPA,Tallink Silja Line,8919805,1,Ferry Cruise,,
LE PONANT,Ponant Cruises,8914219,1,Expedition Cruise,,
STAR SEEKER,Windstar Cruises,9904819,2,Cruise yacht,28/12/2025,
BERGENSFJORD,Fjord Line,9586617,1,Ferry Cruise,,
GALAPAGOS LEGEND,Kleintours Galapagos,5404964,1,Galapagos Cruise,,
OCEAN ODYSSEY,Vantage Travel Cruise Line,9880673,1,Small Cruise,21/12/2022,
PANORAMA II,Variety Cruises,9325453,1,Cruise yacht,,
SANTONA,Brittany Ferries,9886847,1,Ferry Cruise,,
MV ISABELA II GALAPAGOS,Metropolitan Touring Galapagos,7914535,1,Galapagos Cruise,,
OCEAN ATLANTIC,Albatros Expeditions,8325432,2,Expedition Cruise,,
SY VELA,Island Windjammer,8674364,1,Sailing Ship,,
ADMIRALTY DREAM,Alaskan Dream Cruises,8963727,1,Expedition Cruise,,
MV FREYA,Secret Atlas,7912020,1,Expedition Cruise,,
SUPERSPEED 2,Color Line,9378682,1,Ferry Cruise,,
BELLA DESGAGNES,Desgagnes,9511519,1,Ferry Cruise,,
MV POLARFRONT,Secret Atlas,7608708,1,Expedition Cruise,,
RUNNING ON WAVES,88 Parsec,9589205,1,Sailing Ship,,
NATIONAL GEOGRAPHIC ISLANDER,Lindblad Expeditions,9139878,1,Expedition Cruise,,
MV COLUMBIA,Alaska Marine Highway System,7320095,1,Ferry Cruise,,
LA PINTA GALAPAGOS,Metropolitan Touring Galapagos,8112897,1,Galapagos Cruise,,
ROMANTIKA,Holland Norway Lines,9237589,3,Ferry Cruise,,
MS FINNLADY,Finnlines,9336268,1,Ferry Cruise,,
MS SPIRIT OF TASMANIA I,Spirit of Tasmania,9158446,1,Ferry Cruise,,
REINA SILVIA VOYAGER,G Adventures Galapagos,9962926,1,Galapagos Cruise,,
DOUGLAS MAWSON,Aurora Expeditions Australia,9992713,1,Expedition Cruise,,
ECOVENTURA MV THEORY GALAPAGOS,Ecoventura Galapagos,9855616,1,Galapagos Cruise,,
AQUA BLU,Aqua Expeditions,4902921,1,Cruise yacht,,
ASUKA III,NYK Cruises Japan,9936355,1,Ocean Cruise,01/07/2025,
BERLIN,FTI Cruises,7904889,3,Ocean Cruise,,
SV REMBRANDT VAN RIJN,Oceanwide Expeditions,8941808,1,Sailing Ship,,
ANEMOS,Aegean Sea Lines,7901265,2,Ferry Cruise,,
AKADEMIK SERGEY VAVILOV,Shirshov Institute,8507729,1,Expedition Cruise,,
AKADEMIK IOFFE,Shirshov Institute,8507731,1,Expedition Cruise,,
MV TRUE NORTH,True North Adventure Cruises,9308651,1,Expedition Cruise,,
GRANDE MARINER,Blount Small Ship Adventures,8978643,1,Cruise yacht,,
PACIFIC VENUS,Venus Cruise,9160011,1,Ocean Cruise,,
GALAXY,Tallink Silja Line,9333694,3,Ferry Cruise,,
STAR I,Tallink Silja Line,9364722,1,Ferry Cruise,,
MV EXPLORER,Secret Atlas,9080950,2,Expedition Cruise,,
SALAMANCA,Brittany Ferries,9867592,1,Ferry Cruise,,
MV TRUE NORTH II,True North Adventure Cruises,9192105,1,Expedition Cruise,,
EUROPA,Bark Europa,8951932,1,Sailing Ship,,
MV CORAL EXPEDITIONS II,Coral Expeditions Australia,8409240,1,Expedition Cruise,,
SH MINERVA,Swan Hellenic Cruises,9895240,1,Expedition Cruise,,
OCEAN MAJESTY,Hansa Touristik,6602898,1,Ocean Cruise,,
GRANDE SCANDINAVIA,Grimaldi Lines,9220615,1,Ferry Cruise,,
GOLDEN IRIS,Mano Maritime,7358573,1,Ocean Cruise,,
BLUE STAR DELOS,Blue Star Ferries,9565039,1,Ferry Cruise,,
NATIONAL GEOGRAPHIC ENDEAVOUR,Lindblad Expeditions,6611863,1,Expedition Cruise,,
VARIETY VOYAGER,Variety Cruises,9657090,1,Cruise yacht,,
XAVIER III GALAPAGOS,G Adventures Galapagos,8979013,1,Galapagos Cruise,,
MV CORAL EXPEDITIONS I,Coral Expeditions Australia,8804696,1,Expedition Cruise,,
CHICHAGOF DREAM,Alaskan Dream Cruises,8883563,1,Expedition Cruise,,
PRINCESS ELEGANZA,Noble Caledonia,9776676,1,Expedition Cruise,,
LORD OF THE HIGHLAND,Hebridean Island Cruises,9641285,1,Luxury Cruise,,
ECOVENTURA MV ORIGIN GALAPAGOS,Ecoventura Galapagos,9802190,1,Galapagos Cruise,,
FIJI PRINCESS,Blue Lagoon Cruises,9199907,1,Cruise yacht,,
PETREL,Galapatours,9794733,1,Galapagos Cruise,,
STENA SAGA,Stena Line,7911545,2,Ferry Cruise,,
TREASURE OF GALAPAGOS,Avalon Waterways,9578804,1,Small Cruise,,
ECO GALAXY,GalAgents,9765512,1,Galapagos Cruise,,
KYDON,Ferries del Caribe,8916607,1,Ferry Cruise,,
ISABELLE,Tallink Silja Line,8700723,1,Ferry Cruise,,
MONSERRAT GALAPAGOS,G Adventures Galapagos,9096349,1,Galapagos Cruise,,
STENA EMBLA,Stena Line,9807322,1,Ferry Cruise,,
MEGA SMERALDA,Corsica Ferries,8306486,1,Ferry Cruise,,
SUPERSTAR AQUARIUS,Star Cruises,9008421,1,Ocean Cruise,,
STENA EUROPE,Stena Line,7901760,1,Ferry Cruise,,
MEGA REGINA,Corsica Ferries,8320573,2,Ferry Cruise,,
STENA EDDA,Stena Line,9807308,1,Ferry Cruise,,
PS WAVERLEY,Small Cruise Lines,5386954,1,Cruise yacht,,
MV HJALTLAND,NorthLink Ferries,9244958,1,Ferry Cruise,,
MAX,Molslinjen,9176058,1,Ferry Cruise,,
NILS HOLGERSSON,TT-Line,9865685,1,Ferry Cruise,,
COSTA ALLEGRA,Costa Cruises,6916885,1,Ocean Cruise,,
COSTA CONCORDIA,Costa Cruises,9320544,1,Ocean Cruise,,
MV CAPE RACE,Secret Atlas,5402198,1,Expedition Cruise,,
MV NANOOK,Secret Atlas,6804408,1,Expedition Cruise,,
MV VILLA,Secret Atlas,7382641,1,Expedition Cruise,,
MV KINFISH,Secret Atlas,8423909,1,Expedition Cruise,,
MV HANSE EXPLORER,Secret Atlas,9346110,1,Expedition Cruise,,
MY CALLISTO,Variety Cruises,5416553,1,Cruise yacht,,
MY HARMONY V,Variety Cruises,8620583,1,Cruise yacht,,
PANORAMA I,Variety Cruises,8928260,1,Cruise yacht,,
BLACK PRINCE,Fred Olsen Cruise Lines,6613328,1,Ocean Cruise,,
KAPITAN KLEBNIKOV,Quark Expeditions,7824417,1,Expedition Cruise,,
ESTRELLA DEL MAR GALAPAGOS,G Adventures Galapagos,8978928,1,Galapagos Cruise,,
50 LET POBEDY,Quark Expeditions,9152959,1,Expedition Cruise,,
BAIE DE SEINE,Brittany Ferries,9212163,3,Ferry Cruise,,
QUEEN OF GALAPAGOS,G Adventures Galapagos,9447213,1,Galapagos Cruise,,
KRUZOF EXPLORER,Alaskan Dream Cruises,7049378,1,Expedition Cruise,,
SV NOORDERLICHT,Oceanwide Expeditions,8650813,1,Expedition Cruise,,
SEA ENDURANCE,Noble Caledonia,8913904,1,Expedition Cruise,,
ALASKAN DREAM,Alaskan Dream Cruises,8978679,1,Expedition Cruise,,
MS ALBATROS,Phoenix Reisen,7304314,1,Ocean Cruise,,
PROFESSOR MOLCHANOV,Small Cruise Lines,8010348,1,Cruise yacht,,
PROFESSOR MULTANOVSKIY,Small Cruise Lines,8010362,1,Cruise yacht,,
MEGA ANDREA,Corsica Ferries,8306498,1,Ferry Cruise,,
SUPERSTAR LIBRA,Star Cruises,8612134,1,Ocean Cruise,,
STAR PISCES,Star Cruises,8710857,1,Ocean Cruise,,
AMERICANA,Small Cruise Lines,8949472,1,Cruise yacht,,
MOBY DREA,Moby Lines,7361312,1,Ferry Cruise,,
MOBY OTTA,Moby Lines,7361324,1,Ferry Cruise,,
MV SANTA CRUZ,Metropolitan Touring Galapagos,7811721,1,Galapagos Cruise,,
MOBY DADA,Moby Lines,7911533,2,Ferry Cruise,,
MV HROSSEY,NorthLink Ferries,9244960,1,Ferry Cruise,,
MV HAMNAVOE,NorthLink Ferries,9246061,1,Ferry Cruise,,
ECOVENTURA MV EVOLVE GALAPAGOS,Ecoventura Galapagos,9972268,1,Galapagos Cruise,,
AQUA MARE,Aqua Expeditions,1005942,1,Cruise yacht,,
OCEAN DREAM,Peace Boat,7915096,1,Ocean Cruise,,
AKADEMIK SHOKALSKIY,Heritage Expeditions,8010336,1,Expedition Cruise,,
PACIFIC SUN,P&O Australia,8314122,1,Ocean Cruise,,
GLEN MASSAN,The Majestic Line,8346369,1,Cruise yacht,,
GLEN TARSAN,The Majestic Line,8346371,1,Cruise yacht,,
GRANDE CARIBE,Blount Small Ship Adventures,8978631,1,Cruise yacht,,
SKORPIOS III,Cruceros Skorpios,9143908,1,Expedition Cruise,,
ARANUI 3,Aranui Cruises,9245354,1,Expedition Cruise,,
GALAXY,Galaxy Cruises,1008231,1,Cruise yacht,,
CATALYST,Pacific Catalyst,2113540,1,Expedition Cruise,,
HMS DEFENDER,Royal Navy,4907878,1,Expedition Cruise,,
FUNCHAL,Signature Living,5124162,1,Ocean Cruise,,
PORTO,Portuscale Cruises,6419057,1,Ocean Cruise,,
POLARIS,Murmansk Shipping,6807395,1,Expedition Cruise,,
MV FREEWINDS,Majestic Cruise Lines,6810811,1,Ocean Cruise,,
AEGEAN QUEEN,Etstur,6821080,2,Ocean Cruise,,
LEISURE WORLD,New Century Cruise Lines,6921828,1,Ocean Cruise,,
KNYAZ VLADIMIR,Black Sea Shipping Company,7032997,1,Ocean Cruise,,
ADRIANA,Adriana Cruises,7118404,1,Ocean Cruise,,
ORIENTAL DRAGON,Capital Dragon Global Holding,7125861,1,Ocean Cruise,,
MV DELPHIN,Delphin Seereisen,7347536,1,Ocean Cruise,,03/04/2022
SALAMIS FILOXENIA,Cypriot Salamis Cruises,7359400,1,Ocean Cruise,,
RMS ST HELENA,St Helena Line,8716306,1,Ferry Cruise,,
AEGEAN PARADISE,New Century Tours,8902333,1,Ocean Cruise,,
TURAMA,Sete Yacht Management,8907216,1,Ocean Cruise,,
ANDAMAN EXPLORER,Pandaw,8999829,1,Small Cruise,,
CHINA STAR,China Cruises,9008407,2,Ocean Cruise,,
DALMACIJA,Jadrolinija,9058995,1,Ferry Cruise,,
YAMAL,FSUE Atomflot,9077549,1,Expedition Cruise,,
CHINESE TAISHAN,Bohai Ferry Company,9183506,1,Ferry Cruise,,
EXCELSIOR,Grandi Navi Veloci,9184419,1,Ferry Cruise,,
GERDA,Unifeeder Germany,9432232,1,Container Ship,,
PANSTAR MIRACLE,PanStar Cruise,9980148,1,Ferry Cruise,,
REGINA BALTICA,Tallink Silja Line,7827225,1,Ferry Cruise,,
NORWEGIAN LUNA,Norwegian Cruise Line,9824019,1,Ocean Cruise,10/03/2026,
GLOBAL MERCY,Mercy Ships,9726499,1,Hospital Ship,,
PASPALEY PEARL,Pearl Expeditions Cruises,9903994,1,Expedition Cruise,,
MS INFINITY,Avalon Waterways,9863912,1,Galapagos Cruise,,
MANDALAY,Windjammer Barefoot Cruises,7738383,1,Sailing Ship,,
